city,country,parameter,value,unit,date,Year,Month,Day,Hour,Pollution_Level
Hyderabad,IN,pm25,85,µg/m³,2026-10-02 10:54:05.340213,2026,10,2,10,High
Delhi,IN,pm10,120,µg/m³,2026-10-02 10:54:05.340213,2026,10,2,10,High
Mumbai,IN,o3,45,µg/m³,2026-10-02 10:54:05.340213,2026,10,2,10,Moderate
Bangalore,IN,no2,60,µg/m³,2026-10-02 10:54:05.340213,2026,10,2,10,High
Hyderabad,IN,pm25,150,µg/m³,2026-10-02 10:54:05.340213,2026,10,2,10,High
Delhi,IN,pm10,90,µg/m³,2026-10-02 10:54:05.340213,2026,10,2,10,High
Mumbai,IN,o3,55,µg/m³,2026-10-02 10:54:05.340213,2026,10,2,10,High
Bangalore,IN,no2,40,µg/m³,2026-10-02 10:54:05.340213,2026,10,2,10,Moderate
Hyderabad,IN,pm25,70,µg/m³,2026-10-02 10:54:05.340213,2026,10,2,10,High
Delhi,IN,pm10,110,µg/m³,2026-10-02 10:54:05.340213,2026,10,2,10,High
Mumbai,IN,o3,95,µg/m³,2026-10-02 10:54:05.340213,2026,10,2,10,High
Bangalore,IN,no2,65,µg/m³,2026-10-02 10:54:05.340213,2026,10,2,10,High
Hyderabad,IN,pm25,50,µg/m³,2026-10-02 10:54:05.340213,2026,10,2,10,High
Delhi,IN,pm10,80,µg/m³,2026-10-02 10:54:05.340213,2026,10,2,10,High
Mumbai,IN,o3,100,µg/m³,2026-10-02 10:54:05.340213,2026,10,2,10,High
Bangalore,IN,no2,30,µg/m³,2026-10-02 10:54:05.340213,2026,10,2,10,Moderate
Hyderabad,IN,pm25,20,µg/m³,2026-10-02 10:54:05.340213,2026,10,2,10,Low
Delhi,IN,pm10,130,µg/m³,2026-10-02 10:54:05.340213,2026,10,2,10,High
Mumbai,IN,o3,75,µg/m³,2026-10-02 10:54:05.340213,2026,10,2,10,High
Bangalore,IN,no2,60,µg/m³,2026-10-02 10:54:05.340213,2026,10,2,10,High
